"nom","annee","groupe","temp_RF_moy","pr_RF_total","neige_pct","gels_RF_total","SMOD_dayofyear","nb_jours_neige_printemps","nb_jours_neige_avril","nb_jours_neige_mai","NDSI_moy_printemps","NDSI_max_printemps","premier_jour_sans_neige","nb_episodes_printemps","pct_donnees_valides","soil_temp_upper_moy","soil_moisture_moy","swe_max","snow_depth_max","etp_total","humidity_moy","solar_radiation_moy","wind_speed_moy","SOD_modis","SMOD_modis","SCD","duree_saison","continuite","NDSI_moy_modis","NDSI_max_modis","NDSI_med","jour_pic_NDSI","vitesse_fonte","nb_redoux","LFD_nival"
"CADI_POP1",2000,"Autres sites",4.88173027368262,738.069873113216,11.3636363636364,108.751864699768,109,3,3,0,58,75,122,2,10,11.9434426229508,0.253472677595628,28.2,0.137,961.3,66.9781420765027,1512.80519125683,2.11475409836066,120,210,19,91,0.208791208791209,59.1578947368421,77,62,122,0.341519469433318,1,318
"CADI_POP1",2001,"Autres sites",4.50514755991301,707.330400812613,24.5903361344538,106.668480026501,88,0,0,0,NA,17,92,0,27.9,11.7213698630137,0.24272602739726,49.4,0.255,966.4,67.3021917808219,1543.78931506849,2.15424657534247,80,229,21,150,0.14,61.6666666666667,82,61,81,0.027146937557476,4,325
"CADI_POP1",2002,"Autres sites",4.49069819256505,821.441206992082,14.1946941946942,107.903853926717,107,2,2,0,66.5,69,115,2,20,11.381095890411,0.254071232876712,56.2,0.185,882,70.6013698630137,1442.88082191781,2.01698630136986,77,217,26,141,0.184397163120567,60.6923076923077,79,60.5,185,0.275500374612009,5,321
"CADI_POP1",2003,"Autres sites",4.36851838295383,841.883043046714,28.3639971139971,111.062322464212,95,2,2,0,52.5,60,113,1,24.6,12.0939726027397,0.248597260273973,189.6,0.81,963.1,70.1394520547945,1494.70493150685,2.06712328767123,64,256,25,193,0.129533678756477,62.28,82,62,103,0.0341616113977419,6,310
"CADI_POP1",2004,"Autres sites",4.56540231271572,768.382450681726,19.5072751322751,119.221444487496,134,6,4,2,58,69,112,5,16.4,11.2666666666667,0.251833333333333,52.3,0.294,920.3,69.4896174863388,1468.38907103825,2.00409836065574,96,260,14,165,0.0848484848484849,54,68,54.5,96,0.109952027801211,5,319
"CADI_POP1",2005,"Autres sites",4.59698719011188,638.172167142117,17.9510073260073,111.271161885373,138,1,0,1,42,42,91,1,36.1,11.1282191780822,0.23947397260274,129.8,0.581,953.3,66.5920547945205,1473.60547945205,2.15068493150685,80,209,35,130,0.269230769230769,60.0857142857143,79,58,154,0.159962642402722,8,322
"CADI_POP1",2006,"Autres sites",5.26359524303542,588.376453772154,20.8465608465608,101.012298809509,87,0,0,0,NA,14,91,0,39.3,12.8084931506849,0.225232876712329,72.3,0.382,1018,66.2293150684932,1455.78602739726,2.3558904109589,145,202,4,58,0.0689655172413793,53.5,64,50.5,145,0.119584675975653,2,286
"CADI_POP1",2007,"Autres sites",5.08915986444821,598.354475236528,3.08278867102396,103.861108164739,80,0,0,0,NA,19,106,0,29.5,11.8443835616438,0.216569863013699,20.7,0.137,1013.8,66.5939726027397,1508.59178082192,2.36657534246575,57,260,10,204,0.0490196078431373,56.2,72,55.5,126,0.0224917138708141,5,315
"CADI_POP1",2008,"Autres sites",4.38446369698891,939.969094606103,14.4411375661376,117.040226902828,138,2,1,1,55,62,95,2,19.7,11.5546448087432,0.233786885245902,21,0.124,926,70.3360655737705,1435.0218579235,2.36092896174863,70,221,36,152,0.236842105263158,60,82,61,221,NA,4,326
"CADI_POP1",2009,"Autres sites",4.92659505167999,804.1467746522,31.1417748917749,110.438043286486,99,1,1,0,82,82,122,1,18,12.3416438356164,0.236756164383562,61.2,0.334,1009.3,68.4482191780822,1468.52575342466,2.45452054794521,70,198,29,129,0.224806201550388,61.3103448275862,79,61,171,0.420335132064756,2,322
"CADI_POP1",2010,"Autres sites",3.5539945276801,860.222977992324,26.5151515151515,127.713293560049,76,0,0,0,NA,32,95,0,21.3,10.7627397260274,0.2378,50.8,0.346,933.7,69.9093150684932,1436.32739726027,2.44876712328767,94,204,11,111,0.0990990990990991,67.0909090909091,83,70,200,1.42307692307679,4,300
"CADI_POP1",2011,"Autres sites",5.62739225762587,724.919094398195,5.59577677224736,97.7992381240566,82,0,0,0,NA,19,92,0,34.4,12.8295890410959,0.244287671232877,7,0.049,1014.3,68.4545205479452,1494.88082191781,2.25835616438356,205,210,4,6,0.666666666666667,64,78,68.5,205,7.07142857142859,0,323
"CADI_POP1",2012,"Autres sites",5.12556427465556,658.074567635143,2.86571067821067,103.339442104358,88,0,0,0,NA,11,92,0,9.8,12.4008196721311,0.240431693989071,33.1,0.199,1065.2,64.7215846994536,1486.47923497268,2.49617486338798,91,219,15,129,0.116279069767442,62.0666666666667,73,63,147,0.0502266387726636,4,327
"CADI_POP1",2013,"Autres sites",4.42791979296839,801.736587195213,20.9394078144078,114.519249767898,97,1,1,0,62,62,104,1,21.3,11.6641095890411,0.255621917808219,80.3,0.411,953.3,68.9739726027397,1402.56136986301,2.54246575342466,81,216,28,136,0.205882352941176,61.3928571428571,78,63.5,84,0.0434235355379903,5,323
"CADI_POP1",2014,"Autres sites",5.25968076053985,985.968565078902,16.0737179487179,98.3728407185231,94,1,1,0,68,68,99,1,39.3,12.0446575342466,0.255564383561644,46.1,0.146,934.9,69.5419178082192,1386.01726027397,2.41452054794521,144,207,6,64,0.09375,58.3333333333333,74,58,144,0.207159090909091,2,326
"CADI_POP1",2015,"Autres sites",5.52069709097546,812.150754020979,3.9983164983165,98.499698538352,85,0,0,0,NA,0,91,0,49.2,12.4786301369863,0.249550684931507,78.1,0.372,1023.7,65.5150684931507,1467.83835616438,2.15506849315068,160,222,9,63,0.142857142857143,58,74,56,220,NA,5,299
"CADI_POP1",2016,"Autres sites",3.64171975136767,803.528837254412,15.4861111111111,121.938723215267,100,2,2,0,60.5,74,109,2,29.5,11.9095628415301,0.243948087431694,19,0.116,950.4,68.9844262295082,1409.95300546448,2.15355191256831,86,240,24,155,0.154838709677419,60.625,84,61.5,170,0.141168729895701,6,320
"CADI_POP1",2017,"Autres sites",5.0542190930772,722.371050881526,15.0629578754579,108.755073755436,118,1,1,0,53,53,92,1,41.7,12.2501369863014,0.23507397260274,39,0.213,1002,65.8142465753425,1487.04273972603,2.1241095890411,106,230,35,125,0.28,63.2571428571429,82,66,209,0.128834355828224,7,307
"CADI_POP1",2018,"Autres sites",4.75446845625184,1111.19999575702,36.1111111111111,109.213868127782,108,3,3,0,64.3,68,116,3,14.8,11.572602739726,0.256134246575342,31.4,0.124,902.3,70.5249315068493,1360.95917808219,1.88876712328767,62,224,12,163,0.0736196319018405,59.1666666666667,77,59,62,0.0293276467636729,4,326
"CADI_POP1",2019,"Autres sites",4.68604475956888,735.426576677027,11.8371212121212,106.371566788038,102,3,3,0,61.3,68,118,3,27.9,12.1501369863014,0.247194520547945,44.8,0.255,1019.8,63.9608219178082,1503.19424657534,1.99232876712329,77,259,18,183,0.0983606557377049,59.2222222222222,80,58,146,0.249632132541283,5,319
"CADI_POP1",2020,"Autres sites",5.0454141087486,825.295242202704,17.0156695156695,100.989185576654,137,2,1,1,48,53,123,2,16.4,12.3486338797814,0.26581693989071,39.5,0.172,925.5,69.2232240437158,1371.44371584699,1.75628415300546,91,177,11,87,0.126436781609195,55.1818181818182,76,51,146,0.158788774002954,3,318
"CADI_POP1",2021,"Autres sites",4.61424281805855,595.153380738651,12.4553571428571,111.117085141649,55,0,0,0,NA,11,91,0,29.5,11.6460273972603,0.241331506849315,73.2,0.378,898.3,68.6005479452055,1390.81671232877,1.71835616438356,86,215,13,130,0.1,57.4615384615385,70,55,89,0.0989636746370163,3,NA
"CADI_POP2",2000,"Autres sites",4.82507713683017,727.522792556627,16.5151515151515,97.7874155490356,108,3,3,0,73.7,77,115,3,16.7,11.9434426229508,0.253472677595628,28.2,0.137,961.3,66.9781420765027,1512.80519125683,2.11475409836066,85,178,30,94,0.319148936170213,71.9666666666667,84,73,125,0.384302398791161,1,318
"CADI_POP2",2001,"Autres sites",4.56039834370065,680.079965946553,29.5098039215686,100.723729649844,56,0,0,0,NA,30,91,0,36.1,11.7213698630137,0.24272602739726,49.4,0.255,966.4,67.3021917808219,1543.78931506849,2.15424657534247,80,349,39,270,0.144444444444444,68.9230769230769,85,70,229,0.254865434580126,6,324
"CADI_POP2",2002,"Autres sites",4.26620332081448,823.244061592112,29.0443121693122,102.557880125818,133,7,5,2,74.9,85,118,6,28.3,11.381095890411,0.254071232876712,56.2,0.185,882,70.6013698630137,1442.88082191781,2.01698630136986,77,225,49,149,0.328859060402685,71.2244897959184,93,72,184,0.547109282376734,2,321
"CADI_POP2",2003,"Autres sites",4.53281293991897,852.294621179692,46.3293650793651,104.933954529466,103,5,5,0,67.4,83,117,2,27.9,12.0939726027397,0.248597260273973,189.6,0.81,963.1,70.1394520547945,1494.70493150685,2.06712328767123,65,256,44,192,0.229166666666667,70.5909090909091,90,72.5,219,0.529535864978902,3,279
"CADI_POP2",2004,"Autres sites",4.33696180525992,736.710894173419,37.5407925407925,109.47261393392,134,9,8,1,71.6,90,142,6,18,11.2666666666667,0.251833333333333,52.3,0.294,920.3,69.4896174863388,1468.38907103825,2.00409836065574,63,228,25,166,0.150602409638554,66.64,86,67,102,0.117709783609033,3,318
"CADI_POP2",2005,"Autres sites",4.52980696427749,649.518490070823,26.7472519310755,106.377025675061,106,1,1,0,67,67,91,1,39.3,11.1282191780822,0.23947397260274,129.8,0.581,953.3,66.5920547945205,1473.60547945205,2.15068493150685,77,316,72,240,0.3,76.6805555555556,90,79,190,0.196412143514259,1,322
"CADI_POP2",2006,"Autres sites",5.3339900361005,597.572031765457,30.0694444444444,95.6987237988689,103,3,3,0,50.3,55,104,2,32.8,12.8084931506849,0.225232876712329,72.3,0.382,1018,66.2293150684932,1455.78602739726,2.3558904109589,100,247,10,148,0.0675675675675676,68.7,85,70,230,0.235732009925553,3,280
"CADI_POP2",2007,"Autres sites",5.0135155182967,593.21658196776,11.9885125767479,98.5628427166243,125,6,5,1,73.2,85,129,4,26.2,11.8443835616438,0.216569863013699,20.7,0.137,1013.8,66.5939726027397,1508.59178082192,2.36657534246575,113,239,8,127,0.062992125984252,67.625,84,67,237,NA,5,315
"CADI_POP2",2008,"Autres sites",4.3320124573064,918.337531391539,22.5925925925926,106.606757211596,117,2,2,0,67.5,84,95,2,19.7,11.5546448087432,0.233786885245902,21,0.124,926,70.3360655737705,1435.0218579235,2.36092896174863,70,246,59,177,0.333333333333333,73.864406779661,90,77,147,0.202295514511873,3,326
"CADI_POP2",2009,"Autres sites",5.01748723677225,793.296195958671,37.8547378547378,105.132529701136,124,7,5,2,75.7,87,126,6,26.2,12.3416438356164,0.236756164383562,61.2,0.334,1009.3,68.4482191780822,1468.52575342466,2.45452054794521,53,223,42,171,0.245614035087719,69.0714285714286,85,69,118,0.0453322257562212,3,322
"CADI_POP2",2010,"Autres sites",3.71500929175327,849.85349918317,32.7380952380952,116.883494372231,101,3,3,0,53,54,117,2,23,10.7627397260274,0.2378,50.8,0.346,933.7,69.9093150684932,1436.32739726027,2.44876712328767,94,213,21,120,0.175,71.9047619047619,91,73,201,0.266666666666664,3,328
"CADI_POP2",2011,"Autres sites",5.52634906300537,732.686986836312,13.0239898989899,93.3615446268408,91,1,1,0,88,88,95,0,39.3,12.8295890410959,0.244287671232877,7,0.049,1014.3,68.4545205479452,1494.88082191781,2.25835616438356,205,230,9,26,0.346153846153846,75.6666666666667,88,76,207,0.567688378033205,0,323
"CADI_POP2",2012,"Autres sites",4.98330987219612,655.433638471713,10.5072463768116,98.8902138600546,108,3,3,0,70.7,82,130,2,23,12.4008196721311,0.240431693989071,33.1,0.199,1065.2,64.7215846994536,1486.47923497268,2.49617486338798,124,267,29,144,0.201388888888889,69,88,72,197,0.409028977953346,6,327
"CADI_POP2",2013,"Autres sites",4.32213778979168,802.25720662717,36.2202380952381,107.174626230433,145,9,7,2,60.1,80,114,6,26.2,11.6641095890411,0.255621917808219,80.3,0.411,953.3,68.9739726027397,1402.56136986301,2.54246575342466,81,222,42,142,0.295774647887324,67.0476190476191,84,68,216,5.39285714285716,3,301
"CADI_POP2",2014,"Autres sites",5.21126784001724,974.957463210863,31.1237373737374,92.7944538347605,100,3,3,0,66.3,84,103,3,39.3,12.0446575342466,0.255564383561644,46.1,0.146,934.9,69.5419178082192,1386.01726027397,2.41452054794521,67,208,15,142,0.105633802816901,65.9333333333333,87,70,208,NA,4,313
"CADI_POP2",2015,"Autres sites",5.41273722435174,793.330365208865,8.26719576719576,92.5512752126294,86,0,0,0,NA,0,92,0,49.2,12.4786301369863,0.249550684931507,78.1,0.372,1023.7,65.5150684931507,1467.83835616438,2.15506849315068,134,222,22,89,0.247191011235955,68.5909090909091,91,69.5,220,NA,1,299
"CADI_POP2",2016,"Autres sites",4.02087169071468,798.936008259333,29.7916666666667,108.03513116002,100,3,3,0,82,91,109,2,29.5,11.9095628415301,0.243948087431694,19,0.116,950.4,68.9844262295082,1409.95300546448,2.15355191256831,85,240,52,156,0.333333333333333,74.4038461538462,92,78,174,0.137270723451153,2,320
"CADI_POP2",2017,"Autres sites",5.30591321504823,738.367806417194,30.2940115440115,95.4659491803575,118,2,2,0,69.5,75,100,2,41.7,12.2501369863014,0.23507397260274,39,0.213,1002,65.8142465753425,1487.04273972603,2.1241095890411,104,244,49,141,0.347517730496454,75,93,76,229,2.66463414634147,1,306
"CADI_POP2",2018,"Autres sites",4.87629164274853,1116.79422236329,47.0535714285714,101.549488201333,122,10,9,1,80.2,93,131,6,19.7,11.572602739726,0.256134246575342,31.4,0.124,902.3,70.5249315068493,1360.95917808219,1.88876712328767,60,224,19,165,0.115151515151515,69,88,69,72,0.00400304579571415,2,326
"CADI_POP2",2019,"Autres sites",4.95165760930911,740.397842722093,19.5271164021164,96.6135073131962,102,1,1,0,80,80,118,1,21.3,12.1501369863014,0.247194520547945,44.8,0.255,1019.8,63.9608219178082,1503.19424657534,1.99232876712329,64,218,45,155,0.290322580645161,66.8222222222222,88,70,154,0.361313693886344,5,286
"CADI_POP2",2020,"Autres sites",4.9603727789002,833.003868095331,28.7912489557226,93.3742000151567,96,3,3,0,70.7,82,106,1,27.9,12.3486338797814,0.26581693989071,39.5,0.172,925.5,69.2232240437158,1371.44371584699,1.75628415300546,66,224,25,159,0.157232704402516,67.76,87,68,91,0.00963222278041296,6,318
"CADI_POP2",2021,"Autres sites",4.40039950555382,616.654162792763,18.1260868760869,103.990302180814,102,1,1,0,76,76,91,1,34.4,11.6460273972603,0.241331506849315,73.2,0.378,898.3,68.6005479452055,1390.81671232877,1.71835616438356,89,220,17,132,0.128787878787879,68.3529411764706,89,69,206,1.56658291457283,3,NA
"CADI_POP3",2000,"Autres sites",4.7259256672776,721.313471065101,27.0995670995671,91.0481627520243,115,5,5,0,56.8,63,108,4,21.7,11.9434426229508,0.253472677595628,28.2,0.137,961.3,66.9781420765027,1512.80519125683,2.11475409836066,65,213,37,149,0.248322147651007,59.0810810810811,89,54,157,0.288400758533502,8,317
"CADI_POP3",2001,"Autres sites",4.66339136618379,658.050989133089,34.5199938949939,87.1952001758828,91,1,1,0,49,49,97,0,32.8,11.7213698630137,0.24272602739726,49.4,0.255,966.4,67.3021917808219,1543.78931506849,2.15424657534247,81,255,38,175,0.217142857142857,63.0263157894737,82,63.5,86,0.0476488119287204,8,324
"CADI_POP3",2002,"Autres sites",4.35764190138074,818.782232616458,36.6098484848485,92.4227706945718,133,9,7,2,62.2,78,91,7,35,11.381095890411,0.254071232876712,56.2,0.185,882,70.6013698630137,1442.88082191781,2.01698630136986,93,244,52,152,0.342105263157895,66.1730769230769,87,67.5,122,0.16677321400032,1,285
"CADI_POP3",2003,"Autres sites",4.99357189606918,833.284545478542,47.2222222222222,93.3822088437884,122,7,6,1,59.6,72,117,4,26.2,12.0939726027397,0.248597260273973,189.6,0.81,963.1,70.1394520547945,1494.70493150685,2.06712328767123,53,260,51,208,0.245192307692308,68.1176470588235,89,67,107,0.0357058392238321,5,270
"CADI_POP3",2004,"Autres sites",4.36631789675223,721.863913800089,47.3913817663818,101.475934787848,138,10,7,3,67.9,84,134,6,24.6,11.2666666666667,0.251833333333333,52.3,0.294,920.3,69.4896174863388,1468.38907103825,2.00409836065574,69,260,41,192,0.213541666666667,61.8292682926829,85,60,102,0.16576819904092,10,317
"CADI_POP3",2005,"Autres sites",4.45471401913418,628.420105890189,41.1645299145299,101.104019704583,138,3,2,1,55.7,69,91,3,41,11.1282191780822,0.23947397260274,129.8,0.581,953.3,66.5920547945205,1473.60547945205,2.15068493150685,76,231,44,156,0.282051282051282,69.5227272727273,87,73.5,156,0.218540205014554,2,288
"CADI_POP3",2006,"Autres sites",5.45319046004893,571.700375724276,32.8703703703704,88.0523251479695,109,6,6,0,61,74,94,4,41,12.8084931506849,0.225232876712329,72.3,0.382,1018,66.2293150684932,1455.78602739726,2.3558904109589,99,250,18,152,0.118421052631579,56.7222222222222,72,56,230,0.165714285714282,9,278
"CADI_POP3",2007,"Autres sites",4.99245291774431,594.263414332672,19.2045454545455,85.3828824578424,128,8,6,2,58.2,72,109,7,31.1,11.8443835616438,0.216569863013699,20.7,0.137,1013.8,66.5939726027397,1508.59178082192,2.36657534246575,102,242,35,141,0.24822695035461,60.5142857142857,83,60,134,0.0360227606180066,7,313
"CADI_POP3",2008,"Autres sites",4.32170668337515,852.917615005364,42.9181929181929,99.6265113283943,120,10,10,0,61.8,82,98,4,31.1,11.5546448087432,0.233786885245902,21,0.124,926,70.3360655737705,1435.0218579235,2.36092896174863,70,248,64,179,0.357541899441341,66.40625,85,68,161,0.0764600818621574,4,326
"CADI_POP3",2009,"Autres sites",5.00546496450157,791.017012406113,40.5952380952381,96.394540820216,126,10,6,4,65.4,79,95,6,32.8,12.3416438356164,0.236756164383562,61.2,0.334,1009.3,68.4482191780822,1468.52575342466,2.45452054794521,72,302,43,231,0.186147186147186,64.5348837209302,85,66,118,0.182523424397874,9,321
"CADI_POP3",2010,"Autres sites",3.73507451600222,829.675374869574,42.9050925925926,107.387867198319,180,6,5,1,52.5,67,96,5,31.1,10.7627397260274,0.2378,50.8,0.346,933.7,69.9093150684932,1436.32739726027,2.44876712328767,63,220,31,158,0.19620253164557,61.258064516129,80,62,93,0.0756037721383113,5,296
"CADI_POP3",2011,"Autres sites",5.40179192017754,720.715655653605,29.8786181139122,90.7385277212421,98,5,5,0,58,73,96,2,47.5,12.8295890410959,0.244287671232877,7,0.049,1014.3,68.4545205479452,1494.88082191781,2.25835616438356,80,230,14,151,0.0927152317880795,62.6428571428571,79,65.5,209,0.82795156407669,1,278
"CADI_POP3",2012,"Autres sites",5.20353735136172,641.789715796241,20.2923976608187,91.2434214895857,108,4,4,0,59,66,131,2,24.6,12.4008196721311,0.240431693989071,33.1,0.199,1065.2,64.7215846994536,1486.47923497268,2.49617486338798,62,268,50,207,0.241545893719807,58.84,86,58,147,0.0175290644380245,9,287
"CADI_POP3",2013,"Autres sites",4.19565330311968,792.244703813316,45.7585354460354,96.1844139853215,146,11,8,3,59,66,107,8,34.4,11.6641095890411,0.255621917808219,80.3,0.411,953.3,68.9739726027397,1402.56136986301,2.54246575342466,76,222,47,147,0.319727891156463,65.1063829787234,87,65,81,0.0971757397874745,4,300
"CADI_POP3",2014,"Autres sites",5.22627273344548,960.466376356051,34.5196324143692,83.9804355651872,100,3,3,0,62.3,73,96,2,42.6,12.0446575342466,0.255564383561644,46.1,0.146,934.9,69.5419178082192,1386.01726027397,2.41452054794521,66,220,29,155,0.187096774193548,61.2758620689655,87,61,144,0.336912920465262,10,303
"CADI_POP3",2015,"Autres sites",5.26363073585697,786.558321619992,20.2678571428571,85.4601574910359,98,1,1,0,41,41,91,1,50.8,12.4786301369863,0.249550684931507,78.1,0.372,1023.7,65.5150684931507,1467.83835616438,2.15506849315068,27,245,26,219,0.118721461187215,57.5,85,58.5,220,1.02705314009662,11,297
"CADI_POP3",2016,"Autres sites",4.12075163838815,763.471460928832,33.8161375661376,99.9432182963863,123,6,5,1,52.8,85,107,4,34.4,11.9095628415301,0.243948087431694,19,0.116,950.4,68.9844262295082,1409.95300546448,2.15355191256831,85,240,59,156,0.378205128205128,67.9322033898305,91,68,190,0.256259740259741,6,320
"CADI_POP3",2017,"Autres sites",5.52648275690013,736.228933689459,36.9107744107744,82.624075560622,118,14,14,0,58.7,72,97,5,46.7,12.2501369863014,0.23507397260274,39,0.213,1002,65.8142465753425,1487.04273972603,2.1241095890411,93,253,50,161,0.31055900621118,66.64,93,65.5,168,0.125733200699756,2,304
"CADI_POP3",2018,"Autres sites",4.72058549414422,1111.32576821743,52.7777777777778,91.4001307790363,131,15,13,2,63.3,84,129,8,34.4,11.572602739726,0.256134246575342,31.4,0.124,902.3,70.5249315068493,1360.95917808219,1.88876712328767,60,242,51,183,0.278688524590164,58.8627450980392,83,56,85,0.0828411025193284,9,281
"CADI_POP3",2019,"Autres sites",5.16742038321925,746.298846651497,38.75,88.8146988435114,120,6,6,0,59.8,73,119,4,34.4,12.1501369863014,0.247194520547945,44.8,0.255,1019.8,63.9608219178082,1503.19424657534,1.99232876712329,64,227,51,164,0.310975609756098,63.7254901960784,90,63,154,0.272051109775216,8,286
"CADI_POP3",2020,"Autres sites",4.89352248460628,820.331748642561,34.8842592592593,84.7959965614645,105,5,5,0,57.6,67,106,2,37.7,12.3486338797814,0.26581693989071,39.5,0.172,925.5,69.2232240437158,1371.44371584699,1.75628415300546,66,224,29,159,0.182389937106918,57.9310344827586,83,56,91,0.149452386585519,11,284
"CADI_POP3",2021,"Autres sites",4.41552823508485,619.8424747262,26.6164520034489,94.3730084432364,102,2,2,0,53.5,57,91,2,44.3,11.6460273972603,0.241331506849315,73.2,0.378,898.3,68.6005479452055,1390.81671232877,1.71835616438356,89,228,25,140,0.178571428571429,56.16,72,55,173,0.198291483303132,7,NA
"CADI_POP4",2000,"Autres sites",4.95939155710244,767.464596275947,25.4545454545455,107.619445309047,110,4,4,0,72,76,124,3,21.7,5.81147540983607,0.257095628415301,209.8,0.815,920.2,60.1756830601093,1669.58333333333,2.23415300546448,62,211,54,150,0.36,71.4074074074074,88,74.5,87,0.0351121974672089,3,318
"CADI_POP4",2001,"Autres sites",4.62341395211602,731.687129444167,33.2291666666667,104.772997179798,89,0,0,0,NA,35,91,0,32.8,5.94547945205479,0.246893150684932,356.6,1.021,926.6,60.4838356164384,1689.62191780822,2.29835616438356,80,282,50,203,0.246305418719212,65.98,81,69,82,0.0160746828964303,10,325
"CADI_POP4",2002,"Autres sites",4.74046963868268,850.145452771303,31.5521284271284,105.915278906669,160,10,9,1,70.2,81,119,6,36.7,5.55890410958904,0.264580821917808,199.5,0.795,841.4,64.0243835616438,1600.0301369863,2.10164383561644,74,225,57,152,0.375,70.1754385964912,89,71,79,0.120501231518067,5,321
"CADI_POP4",2003,"Autres sites",4.50122595740309,814.025796475747,43.6405723905724,110.453380004133,103,6,6,0,63.5,76,114,3,34.4,5.76383561643836,0.270545205479452,373.8,1.323,897.7,64.5649315068493,1653.38356164384,1.99698630136986,53,256,64,204,0.313725490196078,70.3125,91,72,106,0.0203103174902789,8,307
"CADI_POP4",2004,"Autres sites",4.68632260657194,721.008586054686,41.3760912290324,118.6904758713,134,11,9,2,74,82,136,7,23,4.88306010928962,0.253754098360656,322.5,0.956,838,64.3486338797814,1616.60218579235,2.03333333333333,63,260,44,198,0.222222222222222,60.4772727272727,79,61,107,0.0300251979501892,9,318
"CADI_POP4",2005,"Autres sites",4.52358963364945,616.004583074333,29.9217796092796,115.895201388326,138,2,1,1,62.5,69,91,2,45.9,4.77287671232877,0.239682191780822,177.2,0.707,816.4,63.4939726027397,1542.91780821918,1.96739726027397,77,206,61,130,0.469230769230769,72.9344262295082,86,75,160,0.330031772792115,1,322
"CADI_POP4",2006,"Autres sites",5.66006425246014,613.446188762163,26.3468013468014,101.325159733735,84,0,0,0,NA,20,92,0,45.9,6.0441095890411,0.241569863013699,246.4,0.974,858.2,63.9449315068493,1566.81506849315,1.98465753424658,100,250,17,151,0.112582781456954,66.1764705882353,82,67,250,NA,6,280
"CADI_POP4",2007,"Autres sites",5.12517719110992,580.027564689722,12.5818917924181,101.760566021182,128,5,3,2,76.8,82,113,5,29.5,5.3786301369863,0.233408219178082,132.1,0.646,833,64.4271232876712,1575.33890410959,2.05178082191781,114,239,31,126,0.246031746031746,64.5806451612903,89,67,237,NA,12,315
"CADI_POP4",2008,"Autres sites",4.50853579261613,898.391008600659,35.1861373920197,112.411898786569,117,7,7,0,73.4,89,96,6,29.5,4.7224043715847,0.237046448087432,237.9,0.886,804,66.7885245901639,1616.13306010929,1.90710382513661,65,245,68,181,0.375690607734807,74.6617647058823,88,77.5,77,0.0919073156576781,2,326
"CADI_POP4",2009,"Autres sites",4.85351170477857,798.473036613387,35.1699770817418,108.563900268756,123,3,1,2,64.3,76,95,2,26.2,5.53945205479452,0.251224657534247,284.9,1.221,917,64.6597260273973,1657.10602739726,2.44438356164384,53,260,51,208,0.245192307692308,71.4117647058823,88,73,200,0.37863196125908,7,322
"CADI_POP4",2010,"Autres sites",3.62402878447443,859.995896311967,38.6885683760684,126.762266472491,138,6,4,2,56.8,72,91,5,29.5,4.12986301369863,0.250397260273973,284.1,1.106,820.9,67.9178082191781,1618.42712328767,2.8841095890411,63,214,40,152,0.263157894736842,64.75,88,67,117,0.0604743813761589,9,328
"CADI_POP4",2011,"Autres sites",5.76700368886998,693.604748345174,21.7204092204092,97.1389391112812,92,2,2,0,62,69,93,0,42.6,6.09890410958904,0.232646575342466,160.6,0.584,908.3,67.4024657534247,1692.57835616438,3.02246575342466,70,230,15,161,0.093167701863354,66.0666666666667,87,70,207,0.266260162601617,6,323
"CADI_POP4",2012,"Autres sites",5.21771165718093,661.694954491804,15.1487870789341,104.285276389614,108,5,5,0,76.6,82,132,2,23,5.95792349726776,0.231366120218579,96.1,0.511,971.2,64.2852459016393,1679.12404371585,3.55327868852459,45,268,50,224,0.223214285714286,65.8,87,67.5,211,0.389706859877692,7,327
"CADI_POP4",2013,"Autres sites",4.59776512844657,782.811104754505,42.6106083459025,112.842306683103,146,9,5,4,61.2,77,113,6,23,4.53452054794521,0.248156164383562,320.6,1.148,830.7,68.6312328767123,1593.22109589041,3.47890410958904,83,221,68,139,0.489208633093525,68,86,70.5,118,0.11993181809294,4,315
"CADI_POP4",2014,"Autres sites",5.43336216945692,1018.88634477374,34.2836257309941,97.1032988597168,99,5,5,0,69,84,100,2,49.2,5.16219178082192,0.273679452054794,378.4,1.367,825.6,69.6706849315069,1555.85917808219,3.29890410958904,66,209,31,144,0.215277777777778,66.0967741935484,86,66,68,0.0497068947191992,10,313
"CADI_POP4",2015,"Autres sites",5.69755360269538,781.719762137862,14.0319548872181,98.9236493981346,87,0,0,0,NA,0,91,0,54.1,6.53671232876712,0.261476712328767,266.7,1.103,946.1,63.2328767123288,1578.06356164384,3.08794520547945,88,238,33,151,0.218543046357616,64.9090909090909,91,66,220,1.73991031390134,4,299
"CADI_POP4",2016,"Autres sites",3.62829869100981,803.35365939616,35.1664542744264,120.051318524854,116,7,7,0,57,91,109,4,36.1,5.89754098360656,0.247475409836066,156.4,0.494,861,67.0554644808743,1529.69043715847,2.93114754098361,44,225,67,182,0.368131868131868,70.2686567164179,91,73,179,0.625055465167875,7,320
"CADI_POP4",2017,"Autres sites",5.14731907712886,773.717746497946,34.3716931216931,104.708742155026,103,8,8,0,53.9,77,95,4,53.3,6.25671232876712,0.236802739726027,203.2,0.763,936.7,62.2723287671233,1595.22246575342,2.77506849315068,66,238,60,173,0.346820809248555,75.25,94,75,209,0.39263015551048,4,306
"CADI_POP4",2018,"Autres sites",4.68065837649007,1095.33039443473,44.5673076923077,108.797151260722,116,12,12,0,77.9,91,131,6,24.6,5.72712328767123,0.247602739726027,375.7,1.209,815.3,70.0139726027397,1467.62191780822,2.42246575342466,62,247,52,186,0.279569892473118,64,87,66,93,0.00543124250259068,12,326
"CADI_POP4",2019,"Autres sites",4.84068017008403,778.184058968809,31.6053391053391,105.480343329452,125,3,2,1,68.3,83,117,2,32.8,6.48328767123288,0.241216438356164,162.6,0.617,967.4,61.493698630137,1608.30136986301,2.7772602739726,64,227,59,164,0.359756097560976,65.6779661016949,86,67,155,0.217043954860083,7,319
"CADI_POP4",2020,"Autres sites",4.92039079919003,793.646229030229,29.1346153846154,98.9182269098204,105,2,2,0,59,60,120,2,32.8,6.63251366120219,0.27525956284153,278.7,1.109,860.5,66.7844262295082,1421.56967213115,2.71912568306011,90,235,32,146,0.219178082191781,63.875,79,67.5,104,0.00776530592473456,8,318
"CADI_POP4",2021,"Autres sites",4.67868107336578,640.531762646722,23.1675255572314,110.400576152227,113,2,2,0,60.5,79,91,2,39.3,5.84,0.245476712328767,160.3,0.715,831.8,67.2558904109589,1451.18164383562,2.80082191780822,64,216,26,153,0.169934640522876,62.5769230769231,84,64,103,0.045900510643181,7,NA
"EYNE_POP1",2000,"Autres sites",3.32173846087425,815.917374048999,36.038961038961,130.085443602143,115,5,5,0,66,76,127,5,21.7,6.77650273224044,0.234792349726776,66.8,0.248,911.7,62.5915300546448,1649.45956284153,2.21120218579235,47,235,39,189,0.206349206349206,67.7179487179487,82,68,157,0.136455472953363,4,331
"EYNE_POP1",2001,"Autres sites",3.28471147559973,705.988161584276,38.9316239316239,133.964326064898,113,3,3,0,65.3,73,92,3,27.9,6.6558904109589,0.232583561643836,116.6,0.466,915.7,62.9221917808219,1671.4,2.25260273972603,81,258,67,178,0.376404494382022,66.3880597014925,88,68,254,8.53846153846193,2,325
"EYNE_POP1",2002,"Autres sites",2.95389301105104,1034.97100956686,48.793740981241,134.558293769816,136,9,6,3,76.3,88,120,5,26.7,6.4041095890411,0.247482191780822,98.1,0.412,838,66.1284931506849,1591.80657534247,2.05342465753425,74,225,65,152,0.427631578947368,71.2923076923077,91,71,150,0.00786284657705624,0,327
"EYNE_POP1",2003,"Autres sites",3.06223027912957,1027.76882844748,46.4285714285714,130.093529807857,103,6,6,0,75.2,83,119,3,31.1,6.81424657534247,0.245016438356164,223.1,0.857,907.2,65.7665753424658,1634.46904109589,2.10958904109589,63,278,63,216,0.291666666666667,73.6507936507936,90,75,237,1.13529299119111,3,313
"EYNE_POP1",2004,"Autres sites",2.81660777210326,881.507423418841,54.6590909090909,142.27216483015,156,11,8,3,80,90,150,7,19.7,6.01803278688525,0.239743169398907,142.3,0.573,858.3,65.35,1624.64480874317,2.06857923497268,47,261,79,215,0.367441860465116,69.7974683544304,85,72,130,0.114858138666735,4,330
"EYNE_POP1",2005,"Autres sites",2.57404497489916,830.234430016034,48.3012820512821,133.505095285493,139,8,6,2,58.6,79,116,6,29.5,6.23808219178082,0.225169863013699,167.7,0.73,895,62.6915068493151,1641.66219178082,2.14739726027397,71,266,75,196,0.38265306122449,72.8133333333333,88,75,165,0.289216162532116,1,324
"EYNE_POP1",2006,"Autres sites",3.67046547330846,679.57345018069,39.9801587301587,116.732118122316,144,4,3,1,54.8,80,120,3,29.5,7.61616438356164,0.225402739726027,209.5,0.834,950.9,62.2367123287671,1638.38684931507,2.32301369863014,23,341,35,319,0.109717868338558,60.2285714285714,87,59,220,0.145228826218822,9,311
"EYNE_POP1",2007,"Autres sites",3.27212055116359,671.998672908128,30.0661375661376,127.459445147021,131,8,4,4,68.8,87,120,3,31.1,6.82054794520548,0.219021917808219,43.4,0.228,932.7,63.0504109589041,1699.31397260274,2.26739726027397,41,269,39,229,0.170305676855895,58.8974358974359,86,56,41,0.00752375551965661,8,316
"EYNE_POP1",2008,"Autres sites",2.79820080150934,933.191667228088,37.8952991452991,136.984455446208,147,11,9,2,63.9,79,120,7,23,6.29699453551913,0.230505464480874,78.2,0.349,860.1,66.1281420765027,1643.81775956284,2.03087431693989,69,248,68,180,0.377777777777778,76.5882352941177,90,78,177,0.0325557323719529,0,326
"EYNE_POP1",2009,"Autres sites",3.19881373782846,881.612298932127,44.2460317460317,131.591939844225,126,6,5,1,80.3,90,143,6,19.7,7.00821917808219,0.235506849315068,139.2,0.611,951.1,64.7164383561644,1665.63780821918,2.32602739726027,75,266,53,192,0.276041666666667,69.2075471698113,86,69,262,NA,2,322
"EYNE_POP1",2010,"Autres sites",1.83830077968209,975.771969950038,48.5347985347985,144.67341489303,144,12,6,6,69.1,86,119,10,23,5.47561643835616,0.242427397260274,99.4,0.509,845.6,68.1506849315068,1590.43808219178,2.56876712328767,56,239,45,184,0.244565217391304,64.9111111111111,89,67,201,1.06304379884973,8,328
"EYNE_POP1",2011,"Autres sites",3.8446193841675,885.693932059784,39.6212121212121,122.469333585547,117,6,6,0,60.5,89,99,2,41,7.37506849315068,0.229915068493151,78.9,0.4,929.9,66.7093150684932,1667.62082191781,2.40794520547945,69,253,73,185,0.394594594594595,68.9315068493151,90,70,239,NA,0,327
"EYNE_POP1",2012,"Autres sites",3.36928770505948,659.553569408546,46.771978021978,125.902689290558,131,4,3,1,64,90,132,4,26.2,7.23579234972678,0.224295081967213,40.7,0.247,971,63.1543715846995,1634.50655737705,2.7068306010929,31,277,59,247,0.238866396761134,69.3728813559322,89,71,106,0.0160048972293063,6,328
"EYNE_POP1",2013,"Autres sites",2.50410734691476,1014.28448519054,51.3888888888889,142.659149335905,155,15,11,4,72.7,86,132,10,27.9,6.40356164383562,0.246301369863014,137.9,0.606,858.5,67.3594520547945,1549.24136986301,2.79808219178082,66,274,68,209,0.325358851674641,74.0294117647059,91,76,221,0.112127431733001,4,323
"EYNE_POP1",2014,"Autres sites",3.31213660337137,1079.74474082954,43.8161375661376,125.9803092171,152,7,5,2,72.3,91,105,7,24.6,6.78739726027397,0.259723287671233,198.9,0.739,842.6,69.2095890410959,1539.41260273973,2.61753424657534,64,240,59,177,0.333333333333333,75.6610169491525,92,77,114,0.0607307223701373,1,332
"EYNE_POP1",2015,"Autres sites",3.68409949913762,901.796893447293,40.2083333333333,116.954808613506,118,7,7,0,72.4,86,124,3,41,7.77917808219178,0.243745205479452,95.2,0.394,946.9,63.3347945205479,1584.82657534247,2.32054794520548,83,247,37,165,0.224242424242424,66.3513513513514,88,66,220,0.963333333333333,4,299
"EYNE_POP1",2016,"Autres sites",2.36395854293441,829.510698440613,38.5185185185185,145.262607030175,125,8,6,2,65.8,88,117,6,34.4,7.16120218579235,0.239013661202186,55,0.245,865.6,67.1191256830601,1531.70464480874,2.06584699453552,67,261,66,195,0.338461538461538,67.6666666666667,90,70,174,0.280448159758505,4,332
"EYNE_POP1",2017,"Autres sites",3.3931732016528,926.270292230823,42.2540726817043,129.821077020271,139,11,9,2,60.5,74,103,9,48.3,7.35561643835616,0.241934246575342,103,0.432,951.2,62.918904109589,1601.15315068493,2.35808219178082,17,253,56,237,0.236286919831224,74.125,92,75.5,230,1.11282051282051,3,329
"EYNE_POP1",2018,"Autres sites",3.17382764380752,1332.16512526918,53.234126984127,127.750934902182,131,13,11,2,78,92,146,6,23,6.72,0.252465753424658,188.7,0.662,840.1,69.666301369863,1486.41479452055,2.34191780821918,61,285,47,225,0.208888888888889,65.531914893617,85,68,72,0.0758599584744541,10,326
"EYNE_POP1",2019,"Autres sites",3.6013327381828,843.297015831691,40.6166591692907,126.692515169418,163,3,2,1,70,74,120,2,26.2,7.66684931506849,0.245597260273973,97.6,0.385,1008.2,61.081095890411,1680.28164383562,2.54657534246575,12,242,64,231,0.277056277056277,69.46875,87,71.5,119,0.179415799129024,4,332
"EYNE_POP1",2020,"Autres sites",3.45150987009081,1142.54309511415,41.8748338649654,125.886631187678,120,4,4,0,54.2,68,106,2,34.4,7.9879781420765,0.275112021857923,204.1,0.843,908.9,66.1830601092896,1522.48196721311,2.21475409836066,26,224,42,199,0.21105527638191,69.9047619047619,87,71,107,0.0423200168098127,5,322
"EYNE_POP1",2021,"Autres sites",2.96209920983653,793.992057877508,33.2506613756614,133.402309281391,102,1,1,0,73,73,91,1,31.1,7.24931506849315,0.24587397260274,146.5,0.754,885.9,65.6613698630137,1546.78465753425,2.29013698630137,74,238,72,165,0.436363636363636,73.2361111111111,90,74.5,108,0.111009137704002,2,NA
"EYNE_POP2",2000,"Autres sites",4.41749914252608,805.227752145017,15.4473304473304,105.6074620102,106,3,3,0,58.3,61,109,3,21.7,6.77650273224044,0.234792349726776,66.8,0.248,911.7,62.5915300546448,1649.45956284153,2.21120218579235,47,235,27,189,0.142857142857143,62,77,62,157,0.0877431026684762,5,317
"EYNE_POP2",2001,"Autres sites",4.13777841896525,712.018261666123,29.1300366300366,102.957701252687,113,1,1,0,74,74,91,1,29.5,6.6558904109589,0.232583561643836,116.6,0.466,915.7,62.9221917808219,1671.4,2.25260273972603,81,229,45,149,0.302013422818792,62.4222222222222,85,62,92,0.0582425942747199,5,324
"EYNE_POP2",2002,"Autres sites",3.90358699136569,997.034126744089,34.6455627705628,102.785988974951,107,2,2,0,79.5,82,111,2,26.7,6.4041095890411,0.247482191780822,98.1,0.412,838,66.1284931506849,1591.80657534247,2.05342465753425,77,222,47,146,0.321917808219178,62.8723404255319,79,63,99,0.0415883632222761,3,317
"EYNE_POP2",2003,"Autres sites",4.48255822325289,970.488253762903,35.6984681984682,104.201741553472,100,3,3,0,56.3,61,97,2,29.5,6.81424657534247,0.245016438356164,223.1,0.857,907.2,65.7665753424658,1634.46904109589,2.10958904109589,85,256,51,172,0.296511627906977,66.9411764705882,85,67,155,0.085536105624848,4,279
"EYNE_POP2",2004,"Autres sites",3.74732787297202,851.836621535871,42.9703282828283,116.859543278307,134,7,6,1,65.7,82,137,4,18,6.01803278688525,0.239743169398907,142.3,0.573,858.3,65.35,1624.64480874317,2.06857923497268,73,260,67,188,0.356382978723404,66.5671641791045,90,67,109,0.0201446804811735,2,319
"EYNE_POP2",2005,"Autres sites",3.6174264136753,814.06450466297,41.9434731934732,108.590039311155,138,3,2,1,63,75,115,2,31.1,6.23808219178082,0.225169863013699,167.7,0.73,895,62.6915068493151,1641.66219178082,2.14739726027397,77,225,67,149,0.449664429530201,66.7313432835821,84,68,158,0.395175992663443,2,314
"EYNE_POP2",2006,"Autres sites",4.79289986254158,665.510252658427,27.9151404151404,103.029272117938,103,2,2,0,55.5,57,109,2,37.7,7.61616438356164,0.225402739726027,209.5,0.834,950.9,62.2367123287671,1638.38684931507,2.32301369863014,104,251,10,148,0.0675675675675676,58.5,82,56,220,NA,5,279
"EYNE_POP2",2007,"Autres sites",4.46936600164449,651.002104287226,7.06018518518519,99.5135586213202,129,2,1,1,63.5,82,112,2,34.4,6.82054794520548,0.219021917808219,43.4,0.228,932.7,63.0504109589041,1699.31397260274,2.26739726027397,41,225,13,185,0.0702702702702703,52.3846153846154,82,49,41,0.0496655136936878,7,313
"EYNE_POP2",2008,"Autres sites",4.06426361132218,918.54085572713,22.008547008547,104.069182567794,103,3,3,0,59,71,98,2,23,6.29699453551913,0.230505464480874,78.2,0.349,860.1,66.1281420765027,1643.81775956284,2.03087431693989,70,248,56,179,0.312849162011173,68.4464285714286,88,70,235,2.15748031496065,3,326
"EYNE_POP2",2009,"Autres sites",4.17936606100165,819.094565618077,35.0529100529101,114.647881013774,126,5,4,1,77.2,88,132,5,21.3,7.00821917808219,0.235506849315068,139.2,0.611,951.1,64.7164383561644,1665.63780821918,2.32602739726027,118,258,31,141,0.219858156028369,66.2903225806452,84,67,249,1.31147540983607,2,321
"EYNE_POP2",2010,"Autres sites",3.39098481933622,961.329978453804,35.4062604062604,111.046606786169,136,3,0,3,72.3,84,95,3,21.3,5.47561643835616,0.242427397260274,99.4,0.509,845.6,68.1506849315068,1590.43808219178,2.56876712328767,79,214,31,136,0.227941176470588,62.258064516129,88,62,201,1.48401826484019,6,297
"EYNE_POP2",2011,"Autres sites",4.75442817762045,865.30995619131,21.9323731823732,96.7494391922085,92,1,1,0,66,66,95,1,42.6,7.37506849315068,0.229915068493151,78.9,0.4,929.9,66.7093150684932,1667.62082191781,2.40794520547945,69,211,19,143,0.132867132867133,56.8421052631579,86,55,207,NA,9,323
"EYNE_POP2",2012,"Autres sites",4.25782128370402,634.613301643863,16.8289580789581,107.4657757298,89,0,0,0,NA,0,92,0,27.9,7.23579234972678,0.224295081967213,40.7,0.247,971,63.1543715846995,1634.50655737705,2.7068306010929,45,245,40,201,0.199004975124378,63.575,86,64,188,0.441215718297516,4,327
"EYNE_POP2",2013,"Autres sites",3.44708871230739,994.574566087799,39.484126984127,114.165641619893,123,5,4,1,52.4,61,105,5,24.6,6.40356164383562,0.246301369863014,137.9,0.606,858.5,67.3594520547945,1549.24136986301,2.79808219178082,81,269,65,189,0.343915343915344,71.1692307692308,86,72,104,0.103743286282397,3,301
"EYNE_POP2",2014,"Autres sites",4.60603540616308,1030.94521833167,34.5316142191142,99.7290237103915,147,4,3,1,53.5,64,106,4,27.9,6.78739726027397,0.259723287671233,198.9,0.739,842.6,69.2095890410959,1539.41260273973,2.61753424657534,96,218,37,123,0.300813008130081,59.8378378378378,84,60,208,3.24175824175826,5,313
"EYNE_POP2",2015,"Autres sites",4.76748900597639,864.797076597979,23.6742424242424,99.8954384516725,96,1,1,0,50,50,95,1,42.6,7.77917808219178,0.243745205479452,95.2,0.394,946.9,63.3347945205479,1584.82657534247,2.32054794520548,83,224,22,142,0.154929577464789,57.2272727272727,72,58.5,219,NA,5,297
"EYNE_POP2",2016,"Autres sites",3.51120632758957,798.585246977736,22.1158008658009,113.26481754174,102,2,2,0,61.5,72,109,2,32.8,7.16120218579235,0.239013661202186,55,0.245,865.6,67.1191256830601,1531.70464480874,2.06584699453552,85,243,50,159,0.314465408805031,64.1,89,64,172,0.185113336646152,4,320
"EYNE_POP2",2017,"Autres sites",4.7447950127441,903.199496912979,31.0363247863248,100.523944420439,121,4,3,1,61,70,98,4,43.3,7.35561643835616,0.241934246575342,103,0.432,951.2,62.918904109589,1601.15315068493,2.35808219178082,95,244,46,150,0.306666666666667,67.2173913043478,93,69.5,209,0.120527961097603,3,304
"EYNE_POP2",2018,"Autres sites",4.17184046348538,1301.15223321216,40.7465764083411,103.770213578816,122,9,8,1,69.2,84,116,5,21.3,6.72,0.252465753424658,188.7,0.662,840.1,69.666301369863,1486.41479452055,2.34191780821918,61,225,25,165,0.151515151515152,60.52,82,60,159,0.0204274041483343,6,326
"EYNE_POP2",2019,"Autres sites",4.55524632518983,818.47775487598,23.8497150997151,102.012228142346,103,2,2,0,62.5,65,117,1,27.9,7.66684931506849,0.245597260273973,97.6,0.385,1008.2,61.081095890411,1680.28164383562,2.54657534246575,76,194,43,119,0.361344537815126,66.2093023255814,88,66,158,0.24036767767351,5,286
"EYNE_POP2",2020,"Autres sites",4.41236302137465,1113.08136870722,30.3724747474747,99.7345130239571,72,0,0,0,NA,30,94,0,39.3,7.9879781420765,0.275112021857923,204.1,0.843,908.9,66.1830601092896,1522.48196721311,2.21475409836066,90,177,23,88,0.261363636363636,63.3478260869565,83,65,91,0.0733766233766232,4,308
"EYNE_POP2",2021,"Autres sites",3.92598724752308,698.555249836417,23.5653235653236,110.269862650391,55,0,0,0,NA,0,91,0,31.1,7.24931506849315,0.24587397260274,146.5,0.754,885.9,65.6613698630137,1546.78465753425,2.29013698630137,74,237,59,164,0.359756097560976,64.0508474576271,85,65,108,0.0541197504946914,6,NA
"EYNE_POP3",2000,"Autres sites",3.94854055102633,783.969341064909,16.7748917748918,102.852534754608,109,4,4,0,49,54,129,4,21.7,6.77650273224044,0.234792349726776,66.8,0.248,911.7,62.5915300546448,1649.45956284153,2.21120218579235,47,235,24,189,0.126984126984127,56.625,72,53.5,156,0.0466862341284646,6,317
"EYNE_POP3",2001,"Autres sites",4.06972418176793,707.983500214756,28.0856180856181,98.6679174220111,113,1,1,0,69,69,91,1,32.8,6.6558904109589,0.232583561643836,116.6,0.466,915.7,62.9221917808219,1671.4,2.25260273972603,73,229,43,157,0.273885350318471,60.2325581395349,77,59,82,0.0198133579391951,11,324
"EYNE_POP3",2002,"Autres sites",3.66441538809512,964.631679589391,30.3315556992028,100.558095313405,107,2,2,0,74.5,76,111,2,28.3,6.4041095890411,0.247482191780822,98.1,0.412,838,66.1284931506849,1591.80657534247,2.05342465753425,77,222,42,146,0.287671232876712,59.6666666666667,77,60.5,99,0.00505618641546251,7,317
"EYNE_POP3",2003,"Autres sites",4.28044535553993,948.065927491028,32.7039627039627,104.849459285423,100,4,4,0,58.5,65,92,3,34.4,6.81424657534247,0.245016438356164,223.1,0.857,907.2,65.7665753424658,1634.46904109589,2.10958904109589,85,256,49,172,0.284883720930233,61.3265306122449,80,61,102,0.0816902154571709,8,279
"EYNE_POP3",2004,"Autres sites",3.38796585845356,825.403231666481,38.9908702408702,118.109674878337,134,7,6,1,57.6,67,97,5,23,6.01803278688525,0.239743169398907,142.3,0.573,858.3,65.35,1624.64480874317,2.06857923497268,73,260,62,188,0.329787234042553,63.1129032258064,89,63,102,0.0917675216001016,5,318
"EYNE_POP3",2005,"Autres sites",3.27452401847945,804.821978297628,38.4744503862151,108.600485424417,138,2,1,1,66.5,71,96,2,36.1,6.23808219178082,0.225169863013699,167.7,0.73,895,62.6915068493151,1641.66219178082,2.14739726027397,77,211,62,135,0.459259259259259,63.0967741935484,82,62.5,160,0.264912966946998,3,314
"EYNE_POP3",2006,"Autres sites",4.39995500249756,631.35512094262,23.3547008547008,100.332964276864,89,0,0,0,NA,29,96,0,44.3,7.61616438356164,0.225402739726027,209.5,0.834,950.9,62.2367123287671,1638.38684931507,2.32301369863014,104,220,8,117,0.0683760683760684,57.375,82,53,220,NA,4,279
"EYNE_POP3",2007,"Autres sites",3.91305092762613,641.203548370528,6.6480334823988,104.250391025512,98,1,1,0,82,82,112,1,32.8,6.82054794520548,0.219021917808219,43.4,0.228,932.7,63.0504109589041,1699.31397260274,2.26739726027397,41,225,13,185,0.0702702702702703,53.3076923076923,82,51,41,0.102618259135212,7,313
"EYNE_POP3",2008,"Autres sites",3.65564967677072,895.978162913461,22.388838013838,111.166651619988,103,3,3,0,54.3,65,96,2,23,6.29699453551913,0.230505464480874,78.2,0.349,860.1,66.1281420765027,1643.81775956284,2.03087431693989,70,248,57,179,0.318435754189944,65.7894736842105,85,67,218,0.809437386569871,3,326
"EYNE_POP3",2009,"Autres sites",3.87206559254107,807.336227273089,34.7364672364672,111.363447873696,126,5,4,1,69.4,85,127,5,23,7.00821917808219,0.235506849315068,139.2,0.611,951.1,64.7164383561644,1665.63780821918,2.32602739726027,93,258,35,166,0.210843373493976,62.0285714285714,84,63,249,2.22950819672132,4,321
"EYNE_POP3",2010,"Autres sites",2.92683846479414,922.072208739747,36.1111111111111,116.284449361272,136,4,1,3,66,84,99,4,21.3,5.47561643835616,0.242427397260274,99.4,0.509,845.6,68.1506849315068,1590.43808219178,2.56876712328767,79,213,31,135,0.22962962962963,60.0645161290323,80,59,200,0.439097744360902,8,297
"EYNE_POP3",2011,"Autres sites",4.39421842334423,841.257423133912,19.1132478632479,98.4232596548897,91,1,1,0,70,70,92,0,47.5,7.37506849315068,0.229915068493151,78.9,0.4,929.9,66.7093150684932,1667.62082191781,2.40794520547945,69,239,15,171,0.087719298245614,59.4,83,55,207,0.852409638554217,8,323
"EYNE_POP3",2012,"Autres sites",4.18266581105676,608.566651290358,14.0724206349206,101.487806308392,117,1,1,0,46,46,92,1,31.1,7.23579234972678,0.224295081967213,40.7,0.247,971,63.1543715846995,1634.50655737705,2.7068306010929,45,242,36,198,0.181818181818182,62.25,82,63.5,188,0.0290507702023666,5,327
"EYNE_POP3",2013,"Autres sites",3.22998170404281,992.56009975697,35,107.639136611426,120,3,3,0,59.7,74,100,3,24.6,6.40356164383562,0.246301369863014,137.9,0.606,858.5,67.3594520547945,1549.24136986301,2.79808219178082,81,227,66,147,0.448979591836735,68.3939393939394,87,69,95,0.158679749287178,1,301
"EYNE_POP3",2014,"Autres sites",4.17909783223259,1008.48017638288,31.0803167420814,101.563009863034,105,2,2,0,49,54,102,2,31.1,6.78739726027397,0.259723287671233,198.9,0.739,842.6,69.2095890410959,1539.41260273973,2.61753424657534,101,209,32,109,0.293577981651376,59.59375,78,60.5,208,NA,4,313
"EYNE_POP3",2015,"Autres sites",4.31109067610757,839.103176820596,20.0399479747306,101.139394900729,87,0,0,0,NA,18,96,0,49.2,7.77917808219178,0.243745205479452,95.2,0.394,946.9,63.3347945205479,1584.82657534247,2.32054794520548,83,224,20,142,0.140845070422535,53.45,72,53.5,219,NA,8,297
"EYNE_POP3",2016,"Autres sites",3.46828654347727,779.494768890083,20.7380698005698,114.130241897015,102,2,2,0,61.5,72,94,2,45.9,7.16120218579235,0.239013661202186,55,0.245,865.6,67.1191256830601,1531.70464480874,2.06584699453552,67,240,56,174,0.32183908045977,59.875,86,58,172,0.199136702413495,9,320
"EYNE_POP3",2017,"Autres sites",4.82056648031079,900.07004093698,29.6003016591252,90.9860655045057,118,4,4,0,55.5,66,99,4,53.3,7.35561643835616,0.241934246575342,103,0.432,951.2,62.918904109589,1601.15315068493,2.35808219178082,94,238,46,145,0.317241379310345,65.5434782608696,88,65,209,0.63338997451147,4,304
"EYNE_POP3",2018,"Autres sites",3.91086102693174,1278.20650449273,35.9027777777778,106.579112240659,116,9,9,0,61.6,78,115,5,21.3,6.72,0.252465753424658,188.7,0.662,840.1,69.666301369863,1486.41479452055,2.34191780821918,64,224,27,161,0.167701863354037,59.1481481481481,72,60,159,0.182100508187465,9,281
"EYNE_POP3",2019,"Autres sites",4.25138933633046,796.553611226266,22.4046840958606,105.5026086113,102,1,1,0,60,60,117,1,32.8,7.66684931506849,0.245597260273973,97.6,0.385,1008.2,61.081095890411,1680.28164383562,2.54657534246575,72,194,40,123,0.32520325203252,63.4,84,64.5,158,0.398768336562413,7,286
"EYNE_POP3",2020,"Autres sites",4.19669168436096,1080.85006018333,23.7578557063851,103.488304681445,72,0,0,0,NA,20,94,0,41,7.9879781420765,0.275112021857923,204.1,0.843,908.9,66.1830601092896,1522.48196721311,2.21475409836066,35,177,24,143,0.167832167832168,59.375,87,57.5,135,0.248570098430435,8,308
"EYNE_POP3",2021,"Autres sites",3.58195745581459,685.71706949833,22.5274725274725,108.264430102926,55,0,0,0,NA,0,91,0,34.4,7.24931506849315,0.24587397260274,146.5,0.754,885.9,65.6613698630137,1546.78465753425,2.29013698630137,80,221,47,142,0.330985915492958,63.9148936170213,85,63,103,0.217240135899141,7,NA
"NOHEDES",2000,"NOHEDES",5.78914617279805,942.521916248077,7.02479338842975,68.300139440347,56,0,0,0,NA,0,92,0,25,12.1543715846995,0.288401639344262,22.6,0.112,870.2,68.6371584699454,1461.62404371585,1.72185792349727,116,235,16,120,0.133333333333333,52.125,73,50,168,0.143449854547188,5,284
"NOHEDES",2001,"NOHEDES",5.36643019892795,816.493423447299,26.1574074074074,71.8553837693752,113,1,1,0,49,49,92,1,31.1,11.8580821917808,0.285178082191781,68.5,0.357,894.2,67.7342465753425,1483.14465753425,1.79534246575342,74,229,24,156,0.153846153846154,53.9166666666667,71,50.5,107,0.130229855371901,7,292
"NOHEDES",2002,"NOHEDES",5.17385987854388,1068.09475457413,12.6182151182151,68.4296721267734,107,4,4,0,49.5,63,109,3,33.3,11.6213698630137,0.299539726027397,49.7,0.189,815.4,71.0717808219178,1377.74575342466,1.68356164383562,69,222,31,154,0.201298701298701,52.6451612903226,72,51,177,0.305823117338003,12,282
"NOHEDES",2003,"NOHEDES",5.45718371886663,1141.68073906355,23.8200536062378,80.4252686030234,100,2,2,0,54,54,95,2,34.4,12.2394520547945,0.290243835616438,141.2,0.807,897.5,69.8301369863014,1443.04109589041,1.74958904109589,9,214,19,206,0.0922330097087379,51.3157894736842,75,46,98,0.167829391781963,11,268
"NOHEDES",2004,"NOHEDES",5.14014810900375,1114.89659685204,18.2128356393062,83.1451870033936,92,1,1,0,46,46,94,0,32.8,11.6153005464481,0.294672131147541,64.8,0.239,869.6,68.8737704918033,1447.50218579235,1.70027322404372,74,199,43,126,0.341269841269841,50.4883720930233,67,51,149,0.212859139617953,8,267
"NOHEDES",2005,"NOHEDES",4.86585763428576,906.635271971909,26.1489898989899,79.6279148444286,77,0,0,0,NA,34,91,0,41,11.5780821917808,0.286690410958904,66.8,0.303,935.9,66.44,1530.76082191781,1.88958904109589,77,201,36,125,0.288,55.1666666666667,74,53,158,0.275905912269548,7,266
"NOHEDES",2006,"NOHEDES",6.11322779847782,755.425751675138,21.412037037037,66.5661711467455,79,0,0,0,NA,19,101,0,37.7,13.3980821917808,0.265915068493151,89.7,0.375,1055.3,65.2,1601.20465753425,2.22082191780822,100,202,7,103,0.0679611650485437,45.5714285714286,54,45,175,NA,6,277
"NOHEDES",2007,"NOHEDES",5.43900683680466,797.69736159501,10.5260942760943,73.0584933154095,80,0,0,0,NA,30,98,0,34.4,12.8046575342466,0.256221917808219,12.1,0.083,1022,65.4328767123288,1579.3904109589,2.14547945205479,102,135,9,34,0.264705882352941,53.7777777777778,66,52,115,0.40036563071298,1,271
"NOHEDES",2008,"NOHEDES",5.23943673396908,846.68802854949,11.5873015873016,72.7787973502909,13,0,0,0,NA,32,92,0,32.8,12.4986338797814,0.258161202185792,44.3,0.249,955.9,68.0625683060109,1535.95136612022,1.83551912568306,76,189,32,114,0.280701754385965,55.5,75,53.5,122,0.282283298097252,12,282
"NOHEDES",2009,"NOHEDES",5.34779993531647,866.241991347835,11.7647058823529,82.2110070010091,67,0,0,0,NA,38,96,0,29.5,13.2572602739726,0.273449315068493,55.9,0.241,1039.8,66.0608219178082,1601.85506849315,1.84383561643836,135,247,21,113,0.185840707964602,49.0952380952381,64,50,173,0.157791803715886,7,258
"NOHEDES",2010,"NOHEDES",4.41032722639215,1011.92320571779,20.775462962963,91.9390684084206,125,1,0,1,42,42,92,1,32.8,11.7967123287671,0.273005479452055,29.7,0.217,963.8,67.0997260273973,1538.31342465753,1.92602739726027,41,198,9,158,0.0569620253164557,54.3333333333333,62,56,41,0.0259907695394803,7,294
"NOHEDES",2011,"NOHEDES",6.15284599425492,973.755549764227,7.71224146224146,65.7183501338635,76,0,0,0,NA,20,91,0,41,13.8956164383562,0.287084931506849,6.5,0.05,1009,67.7575342465753,1591.16876712329,1.83616438356164,73,237,22,165,0.133333333333333,48.8636363636364,64,47,152,0.122713906619809,9,275
"NOHEDES",2012,"NOHEDES",5.5831703769598,782.172035777324,22.7591036414566,75.6497430847382,115,1,1,0,42,42,92,1,27.9,13.496174863388,0.271002732240437,9.8,0.058,1077.9,62.8775956284153,1604.83961748634,2.00901639344262,62,219,33,158,0.208860759493671,52.1212121212121,69,51,92,0.0477887621193609,9,265
"NOHEDES",2013,"NOHEDES",4.76429968064731,1137.68663832222,28.3477633477633,84.4240341747564,97,1,1,0,44,44,93,1,37.7,12.4054794520548,0.288490410958904,42,0.233,1003.5,66.7561643835616,1547.62191780822,2.25835616438356,81,189,22,109,0.201834862385321,56.4545454545455,78,54,81,0.158549430636377,8,272
"NOHEDES",2014,"NOHEDES",5.88084353502186,1075.54689505032,13.4259259259259,68.2797835651386,67,0,0,0,NA,25,95,0,39.3,12.9142465753425,0.287186301369863,9.9,0.067,993.1,67.5646575342466,1555.97452054795,2.17945205479452,93,208,19,116,0.163793103448276,51.6315789473684,66,52,153,0.282779434222966,9,270
"NOHEDES",2015,"NOHEDES",6.0480874369468,980.311736286944,17.1969696969697,71.6297738938075,86,0,0,0,NA,19,91,0,49.2,12.9928767123288,0.279641095890411,24.3,0.155,1076.8,63.9575342465753,1620.93616438356,2.05616438356164,84,190,12,107,0.11214953271028,49.9166666666667,63,49,85,0.029509253982062,5,270
"NOHEDES",2016,"NOHEDES",4.41726743610427,926.007083798146,10.3632478632479,81.7868653040743,68,0,0,0,NA,34,94,0,45.9,12.5177595628415,0.265469945355191,29.2,0.194,1010.1,66.5918032786885,1554.49453551913,2.02049180327869,100,240,17,141,0.120567375886525,53.1176470588235,78,51,151,0.165263939111623,7,291
"NOHEDES",2017,"NOHEDES",5.85550078573555,927.839039073265,16.0989704739705,71.0587731117458,118,1,1,0,50,50,93,1,63.3,12.9361643835616,0.266427397260274,59.4,0.318,1061.3,64.5391780821918,1595.41698630137,2.20328767123288,68,202,29,135,0.214814814814815,54,83,51,159,0.584082971743042,8,262
"NOHEDES",2018,"NOHEDES",5.55918806469046,1313.05640169645,22.2117003367003,75.3336695711186,80,0,0,0,NA,37,91,0,26.2,12.3591780821918,0.292621917808219,53.1,0.276,964.8,69.0117808219178,1469.58821917808,2.08082191780822,85,172,18,88,0.204545454545455,48.4444444444444,66,48,147,0.696818019306399,6,257
"NOHEDES",2019,"NOHEDES",5.8248149766545,768.073415111567,15.0422494172494,68.4920731067885,50,0,0,0,NA,36,102,0,31.1,12.8279452054795,0.28366301369863,26.2,0.152,1071,63.4797260273973,1624.7701369863,2.11506849315069,72,162,19,91,0.208791208791209,50.1052631578947,68,52,146,0.529411764705886,7,285
"NOHEDES",2020,"NOHEDES",5.82516182312362,992.801422394356,11.2121212121212,66.5812216038933,40,0,0,0,NA,14,95,0,34.4,12.8185792349727,0.30094262295082,186.2,0.817,976.4,68.6341530054645,1501.43005464481,1.87950819672131,96,149,12,54,0.222222222222222,55,71,54,133,1.08980582524272,3,242
"NOHEDES",2021,"NOHEDES",5.24448253352474,620.363733678469,15.4166666666667,74.5719264952633,27,0,0,0,NA,0,91,0,32.8,12.1780821917808,0.283172602739726,34.5,0.176,956.7,68.3657534246575,1536.97780821918,1.97616438356164,91,149,21,59,0.355932203389831,54.9523809523809,78,54,103,0.354200735895339,3,NA
"VALLTER",2000,"Autres sites",3.98537913526007,860.518400894995,17.2799422799423,107.255160987609,115,5,5,0,59,61,129,3,16.7,6.10546448087432,0.25255737704918,167.9,0.565,851.7,64.1139344262295,1563.63907103825,2.17486338797814,47,209,37,163,0.226993865030675,70.3243243243243,84,72,176,1.02933467741936,1,317
"VALLTER",2001,"Autres sites",3.65890266083599,759.550563087547,39.1025641025641,106.046582048636,87,0,0,0,NA,12,92,0,18,5.94849315068493,0.24132602739726,255,1.023,868.3,63.5701369863014,1588.30328767123,2.27671232876712,80,258,57,179,0.318435754189944,66.7543859649123,88,67,233,0.530470914127425,2,324
"VALLTER",2002,"Autres sites",3.39955842532741,1101.69230408854,44.6759259259259,114.363408269356,136,9,8,1,77.4,88,120,7,25,5.82630136986301,0.259427397260274,376,1.336,794.3,66.8975342465753,1498.73095890411,2.13671232876712,77,271,53,195,0.271794871794872,69.9056603773585,91,70,193,0.434798136117819,1,317
"VALLTER",2003,"Autres sites",4.13587223445746,1125.89364938487,43.6147186147186,106.239399711319,149,7,6,1,68.7,83,122,4,27.9,6.23616438356164,0.247794520547945,318.9,1.521,878.7,65.6435616438356,1564.28684931507,2.24575342465753,63,266,51,204,0.25,69.843137254902,88,70,259,NA,1,279
"VALLTER",2004,"Autres sites",3.36422258658156,971.633845770434,51.5151515151515,120.020051090633,144,10,6,4,77,88,NA,6,16.4,5.48551912568306,0.251106557377049,415.3,1.156,836.7,65.1286885245902,1569.6325136612,2.22732240437158,63,262,60,200,0.3,68.3333333333333,87,69,166,0.172278597785978,3,318
"VALLTER",2005,"Autres sites",3.22104552672933,860.398071102045,43.9468864468865,114.715341936968,140,5,2,3,56,70,117,2,29.5,6.27315068493151,0.251252054794521,360.9,1.292,907.8,62.7643835616438,1680.85671232877,2.3027397260274,72,230,72,159,0.452830188679245,74.1111111111111,88,74,144,0.10036161300562,0,314
"VALLTER",2006,"Autres sites",4.33102410681904,763.763997886391,34.8214285714286,106.986131066389,108,3,3,0,67.7,72,120,3,21.3,7.66465753424658,0.233441095890411,404.1,1.474,990.2,62.3512328767123,1747.18931506849,2.54054794520548,101,251,11,151,0.0728476821192053,58.4545454545455,78,63,235,NA,4,279
"VALLTER",2007,"Autres sites",4.03341944727622,711.344337494225,17.7986977619331,102.417936242976,129,4,3,1,70,78,130,3,19.7,6.73095890410959,0.230161643835616,138.5,0.57,920.3,64.298904109589,1728.51068493151,2.24383561643836,41,225,18,185,0.0972972972972973,55.8888888888889,81,51,41,0.0452186566098902,6,313
"VALLTER",2008,"Autres sites",3.53239140138113,965.361205334479,32.1428571428571,108.335281637386,103,3,3,0,61,71,96,2,16.4,6.12377049180328,0.229153005464481,144.9,0.74,848.9,66.3024590163934,1700.25300546448,1.36448087431694,60,245,72,186,0.387096774193548,69.1111111111111,85,71,122,0.0705535959784863,1,326
"VALLTER",2009,"Autres sites",3.87861689372661,901.256422085784,41.1172161172161,114.247643617352,123,6,4,2,80,84,144,5,18,6.88246575342466,0.235523287671233,252.8,1.042,946.2,62.8158904109589,1751.28712328767,1.46931506849315,12,266,40,255,0.156862745098039,65,80,66.5,258,3.80645161290322,4,321
"VALLTER",2010,"Autres sites",3.01075390693865,1035.98349973595,40.3156565656566,113.433206754573,144,7,3,4,63.3,80,101,5,18,5.32602739726027,0.238112328767123,132.7,0.701,865.8,65.6290410958904,1678.62684931507,1.78547945205479,82,217,34,136,0.25,65.5882352941177,87,66.5,201,0.854166666666666,3,297
"VALLTER",2011,"Autres sites",4.33488660691264,1021.22657786361,35.0560897435897,98.8187710747922,95,3,3,0,71.3,84,98,1,26.2,7.13808219178082,0.24533698630137,195.9,0.865,924.9,65.0928767123288,1728.3202739726,1.8213698630137,69,230,41,162,0.253086419753086,61.3658536585366,86,57,206,1.23578076525336,12,323
"VALLTER",2012,"Autres sites",3.91193061346659,662.72808327934,28.5463991346344,110.01662561512,108,3,3,0,59.3,69,124,2,18,6.98415300546448,0.239016393442623,83.3,0.467,952.2,61.8303278688525,1727.64180327869,1.55191256830601,45,267,31,223,0.139013452914798,66.4838709677419,88,68,243,0.618421052631584,5,327
"VALLTER",2013,"Autres sites",2.99986428330925,1057.41031578808,44.0277777777778,118.394177375708,145,11,8,3,70.5,88,126,7,23,5.92876712328767,0.245498630136986,258.3,1.034,859.6,66.1498630136986,1682.2104109589,1.65643835616438,81,255,61,175,0.348571428571429,70.1967213114754,85,72,97,0.0982433735626747,1,301
"VALLTER",2014,"Autres sites",4.19489814113883,1087.00564513588,38.3333333333333,100.136097255818,133,3,2,1,68.7,82,105,3,23,6.74,0.258865753424658,329.3,1.074,868.2,66.5821917808219,1692.57287671233,1.4586301369863,94,218,45,125,0.36,66.3555555555556,84,67,208,2.33593749999997,1,313
"VALLTER",2015,"Autres sites",4.22251196595282,895.789099679201,25.7543382543383,104.844409140312,96,4,4,0,66,71,97,1,49.2,7.58602739726027,0.252767123287671,239.3,0.947,976.1,61.3561643835616,1725.92739726027,1.42356164383562,91,227,18,137,0.131386861313869,64.8333333333333,82,65.5,208,0.951827810044411,2,297
"VALLTER",2016,"Autres sites",3.22699811949886,879.673136555113,25.7448107448107,112.240906611789,105,6,6,0,59.7,76,110,3,32.8,6.96775956284153,0.244650273224044,108.6,0.546,889.2,65.4972677595628,1666.99234972678,1.37814207650273,67,243,62,177,0.350282485875706,66.3387096774194,88,67,180,0.511797010068137,6,320
"VALLTER",2017,"Autres sites",4.35992717612751,899.731684307314,35.4441854441855,102.364558921108,121,6,5,1,56,67,102,5,40,7.27041095890411,0.23806301369863,197.5,0.807,939.4,63.1553424657534,1703.01095890411,1.38547945205479,104,340,51,237,0.215189873417722,68.6666666666667,93,70,229,0.356817420435511,2,304
"VALLTER",2018,"Autres sites",3.78005653883348,1371.38895361583,50.5952380952381,107.631222344408,134,13,11,2,76.2,93,131,8,26.2,6.65068493150685,0.253646575342466,270.1,0.979,836.5,69.3408219178082,1585.6397260274,1.30684931506849,62,364,30,303,0.099009900990099,60.3,83,61.5,71,0.018297387662123,4,281
"VALLTER",2019,"Autres sites",4.09585073755935,872.696938417557,30.0126262626263,103.150788285697,107,4,4,0,63.2,77,110,3,24.6,7.24931506849315,0.254,143.8,0.672,954.9,61.2383561643836,1725.96904109589,1.45917808219178,69,223,62,155,0.4,68.8870967741936,89,68,105,0.0253977102992922,3,286
"VALLTER",2020,"Autres sites",4.14907408801962,1259.3401771941,36.9246031746032,102.617809123788,101,5,5,0,73,83,102,2,32.8,7.65437158469945,0.273644808743169,590.6,2.434,900.3,65.2237704918033,1606.89234972678,1.30409836065574,90,204,26,115,0.226086956521739,61.8461538461538,81,65,91,0.115428418898478,2,292
"VALLTER",2021,"Autres sites",3.66760231478284,777.821087419271,28.926282051282,118.701589348189,82,0,0,0,NA,0,91,0,23,6.82739726027397,0.256775342465753,262.1,1.167,871.8,65.2221917808219,1648.53287671233,1.50575342465753,72,237,55,166,0.331325301204819,67.1818181818182,85,69,106,0.038597710110213,4,NA
